decile,customers,churn_rate,avg_score,lift
D1,2000,0.7825,0.783544769252567,2.361
D2,2000,0.6025,0.6095944031829538,1.818
D3,2000,0.568,0.5458091207285796,1.714
D4,2000,0.3055,0.32861280491162675,0.922
D5,2000,0.294,0.2995147226763934,0.887
D6,2000,0.3085,0.29588100641696785,0.931
D7,2000,0.297,0.2924953659467896,0.896
D8,2000,0.1565,0.1572450640099333,0.472
D9,2000,0.0,0.007627115236425638,0.0
D10,2000,0.0,0.007533040453992414,0.0
