uplift_segment,customers,churn_rate,avg_monthly_charge
Decided Churner (MONITOR),2054,0.5993184031158715,124.75452288218112
Persuadable Churner (ACT),4376,0.6510511882998172,93.34756170018281
Safe + Committed (IGNORE),7904,0.18800607287449392,68.74038335020242
Safe + Persuadable (NURTURE),5666,0.18761030709495236,69.76332862689729
